date,ticker,open,high,low,close,volume,src,highest,lowest,middle,atr,atr_prev,epsilon,upper_band,lower_band,trend_state,signal
2025-01-02 07:00:00,FPT,130.17,130.34,128.12,129.74,3172800,129.74,,,,,,,,,,HOLD
2025-01-03 07:00:00,FPT,129.15,129.15,127.18,127.18,4336100,127.18,,,,,,,,,,HOLD
2025-01-06 07:00:00,FPT,127.27,128.21,126.67,127.44,3467100,127.44,,,,,,,,,,HOLD
2025-01-07 07:00:00,FPT,127.61,129.15,127.61,128.12,3453300,128.12,,,,,,,,,,HOLD
2025-01-08 07:00:00,FPT,128.04,128.04,126.42,126.59,3879900,126.59,,,,1.9460000000000037,,,,,,HOLD
2025-01-09 07:00:00,FPT,126.59,127.35,126.33,127.01,1714400,127.01,,,,1.706000000000003,1.9460000000000037,0.9730000000000019,,,,HOLD
2025-01-10 07:00:00,FPT,127.01,127.27,125.65,125.73,2524700,125.73,,,,1.5180000000000007,1.706000000000003,0.8530000000000015,,,,HOLD
2025-01-13 07:00:00,FPT,124.71,126.76,123.51,125.99,3488800,125.99,,,,1.8599999999999994,1.5180000000000007,0.7590000000000003,,,,HOLD
2025-01-14 07:00:00,FPT,125.99,126.33,123.86,123.86,2897200,123.86,,,,2.011999999999998,1.8599999999999994,0.9299999999999997,,,,HOLD
2025-01-15 07:00:00,FPT,124.62,125.05,123.6,124.2,2840900,124.2,,,,1.9619999999999975,2.011999999999998,1.005999999999999,,,,HOLD
2025-01-16 07:00:00,FPT,124.79,125.48,123.94,125.05,3568000,125.05,,,,2.066,1.9619999999999975,0.9809999999999988,,,,HOLD
2025-01-17 07:00:00,FPT,125.14,128.12,124.62,127.18,3537000,127.18,,,,2.4420000000000015,2.066,1.033,,,,HOLD
2025-01-20 07:00:00,FPT,127.18,128.38,126.5,128.04,2217700,128.04,,,,2.1680000000000006,2.4420000000000015,1.2210000000000008,,,,HOLD
2025-01-21 07:00:00,FPT,128.46,129.23,127.18,127.95,2480300,127.95,,,,2.0839999999999974,2.1680000000000006,1.0840000000000003,,,,HOLD
2025-01-22 07:00:00,FPT,127.7,128.55,127.35,127.78,2785600,127.78,,,,2.0340000000000003,2.0839999999999974,1.0419999999999987,,,,HOLD
2025-01-23 07:00:00,FPT,128.12,133.16,128.04,131.71,7057800,131.71,,,,2.8019999999999983,2.0340000000000003,1.0170000000000001,,,,HOLD
2025-01-24 07:00:00,FPT,131.54,131.88,130.94,130.94,3655700,130.94,,,,2.289999999999998,2.8019999999999983,1.4009999999999991,,,,HOLD
2025-02-03 07:00:00,FPT,126.33,127.35,124.02,124.2,12747700,124.2,,,,3.297999999999999,2.289999999999998,1.144999999999999,,,,HOLD
2025-02-04 07:00:00,FPT,124.62,125.48,124.02,124.79,5467700,124.79,,,,3.180000000000004,3.297999999999999,1.6489999999999996,,,,HOLD
2025-02-05 07:00:00,FPT,125.39,125.9,124.45,124.88,5204100,124.88,131.71,123.86,127.785,3.2300000000000013,3.180000000000004,1.590000000000002,129.375,126.195,S,SELL
2025-02-06 07:00:00,FPT,125.48,125.73,124.28,125.05,3426600,125.05,131.71,123.86,127.785,2.4440000000000026,3.2300000000000013,1.6150000000000007,129.4,126.17,S,HOLD
2025-02-07 07:00:00,FPT,125.05,125.22,124.45,124.71,3865900,124.71,131.71,123.86,127.785,2.4100000000000024,2.4440000000000026,1.2220000000000013,129.007,126.56299999999999,S,HOLD
2025-02-10 07:00:00,FPT,124.2,124.2,121.21,121.21,7749600,121.21,131.71,121.21,126.46000000000001,1.726000000000002,2.4100000000000024,1.2050000000000012,127.665,125.25500000000001,S,HOLD
2025-02-11 07:00:00,FPT,121.38,124.11,119.59,124.11,5361400,124.11,131.71,121.21,126.46000000000001,2.3379999999999996,1.726000000000002,0.863000000000001,127.32300000000001,125.59700000000001,S,HOLD
2025-02-12 07:00:00,FPT,124.28,124.37,123.17,123.77,1887400,123.77,131.71,121.21,126.46000000000001,2.2879999999999994,2.3379999999999996,1.1689999999999998,127.629,125.29100000000001,S,HOLD
2025-02-13 07:00:00,FPT,123.77,123.77,121.81,122.15,2850800,122.15,131.71,121.21,126.46000000000001,2.389999999999998,2.2879999999999994,1.1439999999999997,127.60400000000001,125.316,S,HOLD
2025-02-14 07:00:00,FPT,122.92,123.77,122.57,123.68,3251700,123.68,131.71,121.21,126.46000000000001,2.5599999999999965,2.389999999999998,1.194999999999999,127.655,125.26500000000001,S,HOLD
2025-02-17 07:00:00,FPT,123.77,123.77,122.4,122.57,2466300,122.57,131.71,121.21,126.46000000000001,2.1339999999999946,2.5599999999999965,1.2799999999999983,127.74000000000001,125.18,S,HOLD
2025-02-18 07:00:00,FPT,122.74,123.26,122.15,122.83,1664400,122.83,131.71,121.21,126.46000000000001,1.4519999999999953,2.1339999999999946,1.0669999999999973,127.527,125.39300000000001,S,HOLD
2025-02-19 07:00:00,FPT,122.83,123.68,122.15,122.92,3029800,122.92,131.71,121.21,126.46000000000001,1.517999999999995,1.4519999999999953,0.7259999999999976,127.186,125.73400000000001,S,HOLD
2025-02-20 07:00:00,FPT,123.09,123.43,122.06,122.06,3385400,122.06,131.71,121.21,126.46000000000001,1.3999999999999972,1.517999999999995,0.7589999999999975,127.21900000000001,125.70100000000001,S,HOLD
2025-02-21 07:00:00,FPT,121.89,121.98,120.78,121.21,5312600,121.21,131.71,121.21,126.46000000000001,1.3319999999999994,1.3999999999999972,0.6999999999999986,127.16000000000001,125.76,S,HOLD
2025-02-24 07:00:00,FPT,121.21,121.21,119.08,119.93,7497900,119.93,131.71,119.93,125.82000000000001,1.4840000000000004,1.3319999999999994,0.6659999999999997,126.486,125.15400000000001,S,HOLD
2025-02-25 07:00:00,FPT,119.84,119.84,117.96,118.65,6810400,118.65,131.71,118.65,125.18,1.656000000000003,1.4840000000000004,0.7420000000000002,125.92200000000001,124.438,S,HOLD
2025-02-26 07:00:00,FPT,118.73,121.04,118.56,121.04,3323400,121.04,131.71,118.65,125.18,1.8460000000000036,1.656000000000003,0.8280000000000015,126.00800000000001,124.352,S,HOLD
2025-02-27 07:00:00,FPT,121.21,121.38,120.1,120.61,3421700,120.61,130.94,118.65,124.795,1.828000000000003,1.8460000000000036,0.9230000000000018,125.718,123.872,S,HOLD
2025-02-28 07:00:00,FPT,119.59,120.44,118.65,119.76,4694400,119.76,125.05,118.65,121.85,1.9640000000000015,1.828000000000003,0.9140000000000015,122.764,120.93599999999999,S,HOLD
2025-03-03 07:00:00,FPT,119.93,120.7,119.76,119.93,2533900,119.93,125.05,118.65,121.85,1.726000000000002,1.9640000000000015,0.9820000000000008,122.832,120.868,S,HOLD
2025-03-04 07:00:00,FPT,119.08,120.01,118.9,119.5,3471300,119.5,125.05,118.65,121.85,1.5539999999999992,1.726000000000002,0.863000000000001,122.713,120.987,S,HOLD
2025-03-05 07:00:00,FPT,119.5,119.59,118.73,118.73,2851100,118.73,125.05,118.65,121.85,1.2299999999999982,1.5539999999999992,0.7769999999999996,122.627,121.073,S,HOLD
2025-03-06 07:00:00,FPT,119.08,122.49,119.08,120.87,6417100,120.87,124.71,118.65,121.68,1.7259999999999962,1.2299999999999982,0.6149999999999991,122.295,121.06500000000001,S,HOLD
2025-03-07 07:00:00,FPT,120.95,121.81,120.44,120.7,2954500,120.7,124.11,118.65,121.38,1.6079999999999983,1.7259999999999962,0.8629999999999981,122.243,120.517,S,HOLD
2025-03-10 07:00:00,FPT,120.78,120.78,118.82,118.9,5323000,118.9,124.11,118.65,121.38,1.8120000000000005,1.6079999999999983,0.8039999999999992,122.184,120.576,S,HOLD
2025-03-11 07:00:00,FPT,117.79,118.22,116.94,117.37,5784400,117.37,123.77,117.37,120.57,1.9820000000000022,1.8120000000000005,0.9060000000000002,121.476,119.66399999999999,S,HOLD
2025-03-12 07:00:00,FPT,117.54,118.39,116.0,116.0,6185000,116.0,123.68,116.0,119.84,2.2880000000000025,1.9820000000000022,0.9910000000000011,120.831,118.849,S,HOLD
2025-03-13 07:00:00,FPT,116.17,117.79,116.17,116.51,3610200,116.51,123.68,116.0,119.84,1.8940000000000055,2.2880000000000025,1.1440000000000012,120.98400000000001,118.696,S,HOLD
2025-03-14 07:00:00,FPT,115.75,116.34,111.65,112.16,16094000,112.16,122.92,112.16,117.53999999999999,2.5920000000000045,1.8940000000000055,0.9470000000000027,118.487,116.59299999999999,S,HOLD
2025-03-17 07:00:00,FPT,112.33,112.76,110.62,110.97,6707000,110.97,122.92,110.97,116.945,2.628000000000003,2.5920000000000045,1.2960000000000023,118.241,115.64899999999999,S,HOLD
2025-03-18 07:00:00,FPT,111.05,112.84,110.97,110.97,5508500,110.97,122.92,110.97,116.945,2.610000000000002,2.628000000000003,1.3140000000000014,118.259,115.63099999999999,S,HOLD
2025-03-19 07:00:00,FPT,111.05,111.48,105.42,106.36,18128400,106.36,122.06,106.36,114.21000000000001,3.3440000000000025,2.610000000000002,1.305000000000001,115.51500000000001,112.905,S,HOLD
2025-03-20 07:00:00,FPT,106.36,108.23,106.27,106.7,8203400,106.7,121.21,106.36,113.785,3.378000000000003,3.3440000000000025,1.6720000000000013,115.457,112.113,S,HOLD
2025-03-21 07:00:00,FPT,106.7,110.11,106.7,109.26,6424800,109.26,121.04,106.36,113.7,3.0880000000000023,3.378000000000003,1.6890000000000014,115.38900000000001,112.011,S,HOLD
2025-03-24 07:00:00,FPT,109.68,110.37,108.66,110.11,5090200,110.11,121.04,106.36,113.7,3.0020000000000038,3.0880000000000023,1.5440000000000011,115.244,112.156,S,HOLD
2025-03-25 07:00:00,FPT,110.8,110.88,107.98,107.98,5629200,107.98,121.04,106.36,113.7,3.208000000000001,3.0020000000000038,1.5010000000000019,115.20100000000001,112.199,S,HOLD
2025-03-26 07:00:00,FPT,107.98,107.98,104.73,104.99,9734600,104.99,120.87,104.99,112.93,2.646000000000001,3.208000000000001,1.6040000000000005,114.534,111.32600000000001,S,HOLD
2025-03-27 07:00:00,FPT,104.14,107.98,103.37,107.72,6464400,107.72,120.87,104.99,112.93,3.1759999999999993,2.646000000000001,1.3230000000000004,114.25300000000001,111.607,S,HOLD
2025-03-28 07:00:00,FPT,107.64,107.89,105.84,105.84,2944800,105.84,120.87,104.99,112.93,2.903999999999999,3.1759999999999993,1.5879999999999996,114.518,111.34200000000001,S,HOLD
2025-03-31 07:00:00,FPT,105.33,105.33,103.28,103.28,5406300,103.28,120.87,103.28,112.075,3.073999999999998,2.903999999999999,1.4519999999999995,113.527,110.623,S,HOLD
2025-04-01 07:00:00,FPT,104.14,104.31,101.4,102.86,7824300,102.86,120.87,102.86,111.86500000000001,3.075999999999999,3.073999999999998,1.536999999999999,113.40200000000002,110.328,S,HOLD
2025-04-02 07:00:00,FPT,103.45,104.39,103.11,104.14,3920200,104.14,120.87,102.86,111.86500000000001,2.7319999999999993,3.075999999999999,1.5379999999999996,113.403,110.32700000000001,S,HOLD
2025-04-03 07:00:00,FPT,97.91,100.38,96.88,96.88,11484900,96.88,120.7,96.88,108.78999999999999,3.2620000000000005,2.7319999999999993,1.3659999999999997,110.15599999999999,107.42399999999999,S,HOLD
2025-04-04 07:00:00,FPT,90.14,97.22,90.14,96.46,21574500,96.46,118.9,96.46,107.68,4.268000000000001,3.2620000000000005,1.6310000000000002,109.311,106.049,S,HOLD
2025-04-08 07:00:00,FPT,90.48,92.19,89.71,89.71,16276400,89.71,117.37,89.71,103.53999999999999,5.106,4.268000000000001,2.1340000000000003,105.67399999999999,101.40599999999999,S,HOLD
2025-04-09 07:00:00,FPT,83.48,92.19,83.48,89.88,16893300,89.88,116.51,89.71,103.11,6.266,5.106,2.553,105.663,100.557,S,HOLD
2025-04-10 07:00:00,FPT,96.11,96.11,96.11,96.11,1005400,96.11,116.51,89.71,103.11,7.206,6.266,3.133,106.243,99.977,S,HOLD
2025-04-11 07:00:00,FPT,99.87,101.15,97.56,101.15,19224000,101.15,112.16,89.71,100.935,6.7620000000000005,7.206,3.603,104.538,97.33200000000001,S,HOLD
2025-04-14 07:00:00,FPT,102.43,102.43,97.31,101.15,9217400,101.15,110.97,89.71,100.34,6.370000000000002,6.7620000000000005,3.3810000000000002,103.721,96.959,S,HOLD
2025-04-15 07:00:00,FPT,99.1,99.87,97.05,99.02,7762400,99.02,110.97,89.71,100.34,5.840000000000003,6.370000000000002,3.185000000000001,103.525,97.155,S,HOLD
2025-04-16 07:00:00,FPT,97.74,98.93,92.1,92.1,18032200,92.1,110.11,89.71,99.91,5.482000000000005,5.840000000000003,2.9200000000000017,102.83,96.99,S,HOLD
2025-04-17 07:00:00,FPT,89.63,95.0,89.54,93.38,8580100,93.38,110.11,89.71,99.91,5.328000000000003,5.482000000000005,2.7410000000000023,102.651,97.169,S,HOLD
2025-04-18 07:00:00,FPT,94.32,98.16,94.32,95.26,7485500,95.26,110.11,89.71,99.91,5.276000000000002,5.328000000000003,2.6640000000000015,102.574,97.246,S,HOLD
2025-04-21 07:00:00,FPT,95.6,96.03,93.89,95.34,4332300,95.34,110.11,89.71,99.91,4.6800000000000015,5.276000000000002,2.638000000000001,102.548,97.27199999999999,S,HOLD
2025-04-22 07:00:00,FPT,94.75,94.92,88.77,94.24,9127300,94.24,107.98,89.71,98.845,5.174000000000001,4.6800000000000015,2.3400000000000007,101.185,96.505,S,HOLD
2025-04-23 07:00:00,FPT,95.34,95.34,91.93,94.24,5710800,94.24,107.72,89.71,98.715,4.4719999999999995,5.174000000000001,2.5870000000000006,101.302,96.128,S,HOLD
2025-04-24 07:00:00,FPT,95.17,97.05,94.41,95.6,7740100,95.6,107.72,89.71,98.715,3.9420000000000015,4.4719999999999995,2.2359999999999998,100.95100000000001,96.479,S,HOLD
2025-04-25 07:00:00,FPT,95.6,95.94,94.06,95.94,5384100,95.94,105.84,89.71,97.775,3.3620000000000005,3.9420000000000015,1.9710000000000008,99.74600000000001,95.804,S,HOLD
2025-04-28 07:00:00,FPT,95.6,95.94,93.21,93.47,3853700,93.47,104.14,89.71,96.925,3.4800000000000013,3.3620000000000005,1.6810000000000003,98.606,95.244,S,HOLD
2025-04-29 07:00:00,FPT,93.55,94.32,93.13,93.38,2945500,93.38,104.14,89.71,96.925,2.403999999999999,3.4800000000000013,1.7400000000000007,98.66499999999999,95.185,S,HOLD
2025-05-05 07:00:00,FPT,93.47,93.64,91.25,92.7,7167600,92.7,104.14,89.71,96.925,2.2,2.403999999999999,1.2019999999999995,98.127,95.723,S,HOLD
2025-05-06 07:00:00,FPT,92.7,94.75,92.7,93.64,5686200,93.64,101.15,89.71,95.43,2.047999999999999,2.2,1.1,96.53,94.33000000000001,S,HOLD
2025-05-07 07:00:00,FPT,93.55,94.92,92.96,93.64,3926800,93.64,101.15,89.71,95.43,2.0640000000000014,2.047999999999999,1.0239999999999996,96.45400000000001,94.406,S,HOLD
2025-05-08 07:00:00,FPT,94.24,97.82,93.04,97.56,12644900,97.56,101.15,89.71,95.43,2.473999999999998,2.0640000000000014,1.0320000000000007,96.462,94.39800000000001,B,BUY
2025-05-09 07:00:00,FPT,97.56,99.36,96.88,99.02,8496900,99.02,101.15,89.88,95.515,2.7319999999999993,2.473999999999998,1.236999999999999,96.752,94.278,B,HOLD
2025-05-12 07:00:00,FPT,99.87,101.32,99.61,100.98,8715200,100.98,101.15,92.1,96.625,2.7139999999999986,2.7319999999999993,1.3659999999999997,97.991,95.259,B,HOLD
2025-05-13 07:00:00,FPT,102.43,102.69,101.24,102.0,8565900,102.0,102.0,92.1,97.05,2.645999999999998,2.7139999999999986,1.3569999999999993,98.407,95.693,B,HOLD
2025-05-14 07:00:00,FPT,102.43,107.81,102.43,107.81,12080300,107.81,107.81,92.1,99.955,3.415999999999997,2.645999999999998,1.322999999999999,101.27799999999999,98.632,B,HOLD
2025-05-15 07:00:00,FPT,107.98,108.32,105.5,106.7,7806300,106.7,107.81,92.1,99.955,3.0239999999999982,3.415999999999997,1.7079999999999984,101.663,98.247,B,HOLD
2025-05-16 07:00:00,FPT,106.27,106.44,103.2,103.28,8012200,103.28,107.81,92.1,99.955,3.227999999999997,3.0239999999999982,1.5119999999999991,101.467,98.443,B,HOLD
2025-05-19 07:00:00,FPT,101.4,102.86,99.53,100.89,9916700,100.89,107.81,92.7,100.255,3.517999999999998,3.227999999999997,1.6139999999999985,101.869,98.64099999999999,B,HOLD
2025-05-20 07:00:00,FPT,99.7,101.83,99.7,101.75,7911300,101.75,107.81,92.7,100.255,3.601999999999998,3.517999999999998,1.758999999999999,102.014,98.496,B,HOLD
2025-05-21 07:00:00,FPT,102.43,102.43,99.87,100.98,6024400,100.98,107.81,92.7,100.255,2.951999999999998,3.601999999999998,1.800999999999999,102.056,98.454,B,HOLD
2025-05-22 07:00:00,FPT,99.95,100.38,98.67,99.7,6350700,99.7,107.81,92.7,100.255,2.85,2.951999999999998,1.475999999999999,101.731,98.779,B,HOLD
2025-05-23 07:00:00,FPT,99.61,100.55,99.02,99.95,4440500,99.95,107.81,92.7,100.255,2.4560000000000004,2.85,1.425,101.67999999999999,98.83,B,HOLD
2025-05-26 07:00:00,FPT,99.61,100.55,98.16,100.12,4023400,100.12,107.81,92.7,100.255,2.184,2.4560000000000004,1.2280000000000002,101.48299999999999,99.027,B,HOLD
2025-05-27 07:00:00,FPT,100.21,101.92,100.21,101.58,5498200,101.58,107.81,92.7,100.255,2.1180000000000008,2.184,1.092,101.347,99.163,B,HOLD
2025-05-28 07:00:00,FPT,101.75,101.92,100.3,101.06,3933600,101.06,107.81,92.7,100.255,1.930000000000001,2.1180000000000008,1.0590000000000004,101.314,99.196,B,HOLD
2025-05-29 07:00:00,FPT,101.58,101.58,99.95,99.95,2933000,99.95,107.81,92.7,100.255,1.7939999999999998,1.930000000000001,0.9650000000000005,101.22,99.28999999999999,B,HOLD
2025-05-30 07:00:00,FPT,100.72,100.89,99.44,99.44,4038000,99.44,107.81,92.7,100.255,1.778,1.7939999999999998,0.8969999999999999,101.152,99.35799999999999,B,HOLD
2025-06-02 07:00:00,FPT,99.44,99.95,98.67,99.1,2916400,99.1,107.81,93.64,100.725,1.5560000000000003,1.778,0.889,101.61399999999999,99.836,S,SELL
2025-06-03 07:00:00,FPT,99.61,100.72,99.27,100.21,3398600,100.21,107.81,93.64,100.725,1.5200000000000018,1.5560000000000003,0.7780000000000001,101.503,99.94699999999999,S,HOLD
2025-06-04 07:00:00,FPT,100.72,100.89,99.44,99.95,2873300,99.95,107.81,97.56,102.685,1.4860000000000013,1.5200000000000018,0.7600000000000009,103.44500000000001,101.925,S,HOLD
2025-06-05 07:00:00,FPT,99.95,100.12,99.44,99.7,2302800,99.7,107.81,99.02,103.41499999999999,1.2960000000000036,1.4860000000000013,0.7430000000000007,104.15799999999999,102.672,S,HOLD
2025-06-06 07:00:00,FPT,99.7,99.7,98.16,98.16,5383000,98.16,107.81,98.16,102.985,1.3140000000000043,1.2960000000000036,0.6480000000000018,103.633,102.337,S,HOLD
2025-06-09 07:00:00,FPT,98.59,99.78,98.16,99.19,3054700,99.19,107.81,98.16,102.985,1.382000000000005,1.3140000000000043,0.6570000000000021,103.642,102.328,S,HOLD
2025-06-10 07:00:00,FPT,99.87,100.21,98.76,98.76,3359000,98.76,107.81,98.16,102.985,1.3480000000000019,1.382000000000005,0.6910000000000025,103.676,102.294,S,HOLD
2025-06-11 07:00:00,FPT,99.1,100.89,99.1,100.64,5744300,100.64,106.7,98.16,102.43,1.4840000000000004,1.3480000000000019,0.6740000000000009,103.10400000000001,101.756,S,HOLD
2025-06-12 07:00:00,FPT,101.24,101.33,100.29,100.72,4153100,100.72,103.28,98.16,100.72,1.5559999999999974,1.4840000000000004,0.7420000000000002,101.462,99.978,S,HOLD
2025-06-13 07:00:00,FPT,99.86,100.29,98.92,99.35,6161700,99.35,101.75,98.16,99.955,1.6079999999999957,1.5559999999999974,0.7779999999999987,100.733,99.17699999999999,S,HOLD
2025-06-16 07:00:00,FPT,99.09,103.13,99.0,102.44,8069100,102.44,102.44,98.16,100.3,2.1099999999999937,1.6079999999999957,0.8039999999999978,101.104,99.496,B,BUY
2025-06-17 07:00:00,FPT,102.44,102.7,101.76,102.27,4600300,102.27,102.44,98.16,100.3,2.0079999999999956,2.1099999999999937,1.0549999999999968,101.35499999999999,99.245,B,HOLD
2025-06-18 07:00:00,FPT,102.27,102.88,100.21,100.72,6556700,100.72,102.44,98.16,100.3,2.115999999999997,2.0079999999999956,1.0039999999999978,101.304,99.29599999999999,B,HOLD
2025-06-19 07:00:00,FPT,100.72,100.81,99.6,99.86,5404900,99.86,102.44,98.16,100.3,2.15,2.115999999999997,1.0579999999999985,101.35799999999999,99.242,B,HOLD
2025-06-20 07:00:00,FPT,99.95,100.64,99.69,99.95,4339400,99.95,102.44,98.16,100.3,1.980000000000001,2.15,1.075,101.375,99.225,B,HOLD
2025-06-23 07:00:00,FPT,99.43,100.12,98.57,99.78,4587300,99.78,102.44,98.16,100.3,1.4640000000000044,1.980000000000001,0.9900000000000005,101.28999999999999,99.31,B,HOLD
2025-06-24 07:00:00,FPT,100.12,100.72,100.12,100.29,4271900,100.29,102.44,98.16,100.3,1.4640000000000044,1.4640000000000044,0.7320000000000022,101.032,99.568,B,HOLD
2025-06-25 07:00:00,FPT,100.72,102.79,100.72,100.81,6000700,100.81,102.44,98.16,100.3,1.430000000000004,1.4640000000000044,0.7320000000000022,101.032,99.568,B,HOLD
2025-06-26 07:00:00,FPT,101.58,101.84,100.38,100.72,4132300,100.72,102.44,98.16,100.3,1.480000000000004,1.430000000000004,0.715000000000002,101.015,99.585,B,HOLD
2025-06-27 07:00:00,FPT,100.72,101.84,100.64,100.98,5263200,100.98,102.44,98.16,100.3,1.530000000000004,1.480000000000004,0.740000000000002,101.03999999999999,99.56,B,HOLD
2025-06-30 07:00:00,FPT,101.5,102.88,101.24,101.76,6859100,101.76,102.44,98.16,100.3,1.6,1.530000000000004,0.765000000000002,101.065,99.535,B,HOLD
2025-07-01 07:00:00,FPT,102.44,102.88,101.76,102.27,4609400,102.27,102.44,98.16,100.3,1.6359999999999986,1.6,0.8,101.1,99.5,B,HOLD
2025-07-02 07:00:00,FPT,102.02,102.19,101.24,102.1,3661700,102.1,102.44,98.16,100.3,1.3419999999999987,1.6359999999999986,0.8179999999999993,101.118,99.482,B,HOLD
2025-07-03 07:00:00,FPT,102.02,103.13,101.41,101.58,6304300,101.58,102.44,98.16,100.3,1.393999999999997,1.3419999999999987,0.6709999999999994,100.971,99.62899999999999,B,HOLD
2025-07-04 07:00:00,FPT,102.02,106.23,101.93,105.46,12825000,105.46,105.46,98.76,102.11,2.0839999999999974,1.393999999999997,0.6969999999999985,102.807,101.413,B,HOLD
2025-07-07 07:00:00,FPT,106.15,107.35,105.89,106.58,6382800,106.58,106.58,98.76,102.67,2.0819999999999994,2.0839999999999974,1.0419999999999987,103.712,101.628,B,HOLD
2025-07-08 07:00:00,FPT,106.84,108.21,106.75,107.18,8064200,107.18,107.18,99.35,103.265,2.184,2.0819999999999994,1.0409999999999997,104.306,102.224,B,HOLD
2025-07-09 07:00:00,FPT,107.44,107.52,105.29,105.72,12198400,105.72,107.18,99.35,103.265,2.423999999999998,2.184,1.092,104.357,102.173,B,HOLD
2025-07-10 07:00:00,FPT,106.58,107.87,106.32,106.66,5180200,106.66,107.18,99.35,103.265,2.5099999999999993,2.423999999999998,1.211999999999999,104.477,102.053,B,HOLD
2025-07-11 07:00:00,FPT,107.61,110.19,107.27,108.99,10736000,108.99,108.99,99.78,104.38499999999999,2.2859999999999987,2.5099999999999993,1.2549999999999997,105.63999999999999,103.13,B,HOLD
2025-07-14 07:00:00,FPT,109.5,110.11,107.61,109.42,5978400,109.42,109.42,99.78,104.6,2.4079999999999986,2.2859999999999987,1.1429999999999993,105.743,103.457,B,HOLD
2025-07-15 07:00:00,FPT,108.99,110.02,108.47,108.47,5600000,108.47,109.42,99.78,104.6,2.3919999999999986,2.4079999999999986,1.2039999999999993,105.80399999999999,103.396,B,HOLD
2025-07-16 07:00:00,FPT,109.07,109.33,107.7,108.73,5063000,108.73,109.42,99.78,104.6,2.272,2.3919999999999986,1.1959999999999993,105.79599999999999,103.404,B,HOLD
2025-07-17 07:00:00,FPT,109.07,111.14,108.47,109.33,8334200,109.33,109.42,99.78,104.6,2.375999999999999,2.272,1.136,105.73599999999999,103.464,B,HOLD
2025-07-18 07:00:00,FPT,110.19,110.19,108.47,108.47,6494600,108.47,109.42,99.78,104.6,2.0139999999999985,2.375999999999999,1.1879999999999995,105.788,103.41199999999999,B,HOLD
2025-07-21 07:00:00,FPT,111.24,111.24,109.16,109.16,7563700,109.16,109.42,100.29,104.855,2.067999999999998,2.0139999999999985,1.0069999999999992,105.86200000000001,103.848,B,HOLD
2025-07-22 07:00:00,FPT,109.16,111.04,107.58,110.94,6889600,110.94,110.94,100.72,105.83,2.45,2.067999999999998,1.033999999999999,106.864,104.79599999999999,B,HOLD
2025-07-23 07:00:00,FPT,111.14,111.64,110.15,110.65,4795100,110.65,110.94,100.72,105.83,2.4219999999999997,2.45,1.225,107.05499999999999,104.605,B,HOLD
2025-07-24 07:00:00,FPT,110.85,110.94,109.66,109.96,6420800,109.96,110.94,100.98,105.96000000000001,2.1439999999999997,2.4219999999999997,1.2109999999999999,107.171,104.74900000000001,B,HOLD
2025-07-25 07:00:00,FPT,109.96,110.35,109.36,109.56,5137000,109.56,110.94,101.58,106.25999999999999,1.9979999999999989,2.1439999999999997,1.0719999999999998,107.332,105.18799999999999,B,HOLD
2025-07-28 07:00:00,FPT,109.66,110.45,109.36,110.15,7611000,110.15,110.94,101.58,106.25999999999999,1.6620000000000004,1.9979999999999989,0.9989999999999994,107.25899999999999,105.261,B,HOLD
2025-07-29 07:00:00,FPT,110.15,110.45,104.91,104.91,16059500,104.91,110.94,101.58,106.25999999999999,2.0780000000000003,1.6620000000000004,0.8310000000000002,107.091,105.42899999999999,S,SELL
2025-07-30 07:00:00,FPT,105.9,106.89,104.22,105.01,7488200,105.01,110.94,101.58,106.25999999999999,2.3140000000000014,2.0780000000000003,1.0390000000000001,107.29899999999999,105.22099999999999,S,HOLD
2025-07-31 07:00:00,FPT,105.01,105.8,102.73,102.93,8944200,102.93,110.94,102.93,106.935,2.6719999999999997,2.3140000000000014,1.1570000000000007,108.092,105.778,S,HOLD
2025-08-01 07:00:00,FPT,102.63,106.29,100.46,105.9,10891500,105.9,110.94,102.93,106.935,3.6400000000000032,2.6719999999999997,1.3359999999999999,108.271,105.599,S,HOLD
2025-08-04 07:00:00,FPT,105.4,105.5,103.72,105.5,4617800,105.5,110.94,102.93,106.935,3.858000000000004,3.6400000000000032,1.8200000000000016,108.75500000000001,105.115,S,HOLD
2025-08-05 07:00:00,FPT,105.9,107.58,103.92,104.71,11395000,104.71,110.94,102.93,106.935,3.482000000000002,3.858000000000004,1.929000000000002,108.864,105.006,S,HOLD
2025-08-06 07:00:00,FPT,104.91,105.11,103.42,103.82,11814200,103.82,110.94,102.93,106.935,3.2860000000000014,3.482000000000002,1.741000000000001,108.676,105.194,S,HOLD
2025-08-07 07:00:00,FPT,104.51,106.29,103.82,105.11,9565800,105.11,110.94,102.93,106.935,3.1660000000000053,3.2860000000000014,1.6430000000000007,108.578,105.292,S,HOLD
2025-08-08 07:00:00,FPT,105.4,106.29,103.72,104.51,9184800,104.51,110.94,102.93,106.935,2.5140000000000042,3.1660000000000053,1.5830000000000026,108.518,105.352,S,HOLD
2025-08-11 07:00:00,FPT,104.81,108.37,104.22,105.3,10278500,105.3,110.94,102.93,106.935,2.908000000000004,2.5140000000000042,1.2570000000000021,108.19200000000001,105.678,S,HOLD
2025-08-12 07:00:00,FPT,106.29,107.09,105.5,106.39,11011800,106.39,110.94,102.93,106.935,2.534000000000006,2.908000000000004,1.454000000000002,108.38900000000001,105.481,S,HOLD
2025-08-13 07:00:00,FPT,106.49,106.69,103.82,104.02,21845000,104.02,110.94,102.93,106.935,2.7700000000000076,2.534000000000006,1.267000000000003,108.202,105.668,S,HOLD
2025-08-14 07:00:00,FPT,104.71,104.71,102.63,102.73,17905400,102.73,110.94,102.73,106.83500000000001,2.6920000000000046,2.7700000000000076,1.3850000000000038,108.22000000000001,105.45,S,HOLD
2025-08-15 07:00:00,FPT,102.73,103.72,100.26,100.36,18622300,100.36,110.94,100.36,105.65,2.870000000000002,2.6920000000000046,1.3460000000000023,106.99600000000001,104.304,S,HOLD
2025-08-18 07:00:00,FPT,100.36,101.94,98.97,99.46,11392300,99.46,110.94,99.46,105.19999999999999,2.6340000000000003,2.870000000000002,1.435000000000001,106.63499999999999,103.76499999999999,S,HOLD
2025-08-19 07:00:00,FPT,99.56,100.46,98.97,99.27,9153600,99.27,110.65,99.27,104.96000000000001,2.573999999999998,2.6340000000000003,1.3170000000000002,106.27700000000002,103.643,S,HOLD
2025-08-20 07:00:00,FPT,99.07,99.27,96.5,96.69,19969500,96.69,110.15,96.69,103.42,2.5539999999999963,2.573999999999998,1.286999999999999,104.707,102.13300000000001,S,HOLD
2025-08-21 07:00:00,FPT,96.69,101.84,96.69,100.65,12624800,100.65,110.15,96.69,103.42,3.167999999999998,2.5539999999999963,1.2769999999999981,104.697,102.143,S,HOLD
2025-08-22 07:00:00,FPT,100.55,100.55,97.78,97.98,7212000,97.98,110.15,96.69,103.42,3.05,3.167999999999998,1.583999999999999,105.004,101.836,S,HOLD
2025-08-25 07:00:00,FPT,100.95,100.95,97.78,97.78,6736000,97.78,106.39,96.69,101.53999999999999,3.0900000000000007,3.05,1.525,103.065,100.01499999999999,S,HOLD
2025-08-26 07:00:00,FPT,97.78,98.97,96.89,98.97,5812500,98.97,106.39,96.69,101.53999999999999,3.208000000000001,3.0900000000000007,1.5450000000000004,103.085,99.99499999999999,S,HOLD
2025-08-27 07:00:00,FPT,100.36,104.02,100.16,103.92,19436400,103.92,106.39,96.69,101.53999999999999,3.6640000000000015,3.208000000000001,1.6040000000000005,103.14399999999999,99.93599999999999,B,BUY
2025-08-28 07:00:00,FPT,104.02,104.02,101.74,103.42,6280200,103.42,106.39,96.69,101.53999999999999,3.0900000000000007,3.6640000000000015,1.8320000000000007,103.37199999999999,99.708,B,HOLD
2025-08-29 07:00:00,FPT,103.92,103.92,100.55,100.55,11090200,100.55,106.39,96.69,101.53999999999999,3.1900000000000004,3.0900000000000007,1.5450000000000004,103.085,99.99499999999999,B,HOLD
2025-09-03 07:00:00,FPT,100.95,102.24,98.97,102.14,9744200,102.14,106.39,96.69,101.53999999999999,3.2099999999999995,3.1900000000000004,1.5950000000000002,103.13499999999999,99.945,B,HOLD
2025-09-04 07:00:00,FPT,102.24,104.41,102.14,103.92,11033600,103.92,106.39,96.69,101.53999999999999,3.247999999999999,3.2099999999999995,1.6049999999999998,103.145,99.93499999999999,B,HOLD
2025-09-05 07:00:00,FPT,104.12,104.41,102.34,102.34,8807800,102.34,106.39,96.69,101.53999999999999,2.6519999999999984,3.247999999999999,1.6239999999999994,103.16399999999999,99.916,B,HOLD
2025-09-08 07:00:00,FPT,101.94,102.83,100.85,100.85,10600300,100.85,106.39,96.69,101.53999999999999,2.5919999999999987,2.6519999999999984,1.3259999999999992,102.86599999999999,100.214,B,HOLD
2025-09-09 07:00:00,FPT,100.95,101.94,99.96,101.05,6460700,101.05,106.39,96.69,101.53999999999999,2.3139999999999987,2.5919999999999987,1.2959999999999994,102.83599999999998,100.244,B,HOLD
2025-09-10 07:00:00,FPT,101.05,101.84,100.06,100.16,5498500,100.16,106.39,96.69,101.53999999999999,2.0159999999999996,2.3139999999999987,1.1569999999999994,102.69699999999999,100.383,S,SELL
2025-09-11 07:00:00,FPT,100.16,101.84,99.46,100.95,7414200,100.95,104.02,96.69,100.35499999999999,2.0380000000000025,2.0159999999999996,1.0079999999999998,101.36299999999999,99.347,S,HOLD
2025-09-12 07:00:00,FPT,100.95,101.84,100.06,100.55,7447000,100.55,103.92,96.69,100.305,1.980000000000004,2.0380000000000025,1.0190000000000012,101.32400000000001,99.286,S,HOLD
2025-09-15 07:00:00,FPT,100.85,102.43,100.46,100.85,14123100,100.85,103.92,96.69,100.305,1.9780000000000058,1.980000000000004,0.990000000000002,101.29500000000002,99.315,S,HOLD
2025-09-16 07:00:00,FPT,101.64,103.72,100.95,102.43,17531600,102.43,103.92,96.69,100.305,2.156000000000006,1.9780000000000058,0.9890000000000029,101.29400000000001,99.316,B,BUY
2025-09-17 07:00:00,FPT,102.93,106.69,102.93,104.41,20018000,104.41,104.41,96.69,100.55,2.6520000000000037,2.156000000000006,1.078000000000003,101.628,99.472,B,HOLD
2025-09-18 07:00:00,FPT,104.91,105.2,101.94,101.94,8198400,101.94,104.41,96.69,100.55,2.828000000000003,2.6520000000000037,1.3260000000000018,101.876,99.22399999999999,B,HOLD
2025-09-19 07:00:00,FPT,102.73,102.73,99.46,101.94,23514300,101.94,104.41,97.78,101.095,3.1260000000000048,2.828000000000003,1.4140000000000015,102.509,99.681,B,HOLD
2025-09-22 07:00:00,FPT,101.44,101.64,98.57,98.67,16280200,98.67,104.41,97.78,101.095,3.4060000000000032,3.1260000000000048,1.5630000000000024,102.658,99.532,S,SELL
2025-09-23 07:00:00,FPT,98.97,98.97,96.5,96.99,18291200,96.99,104.41,96.99,100.69999999999999,3.326000000000002,3.4060000000000032,1.7030000000000016,102.40299999999999,98.99699999999999,S,HOLD
2025-09-24 07:00:00,FPT,97.09,98.48,96.4,98.48,7421100,98.48,104.41,96.99,100.69999999999999,2.8900000000000032,3.326000000000002,1.663000000000001,102.36299999999999,99.03699999999999,S,HOLD
2025-09-25 07:00:00,FPT,98.48,98.48,96.89,96.99,8627700,96.99,104.41,96.99,100.69999999999999,2.556000000000003,2.8900000000000032,1.4450000000000016,102.145,99.25499999999998,S,HOLD
2025-09-26 07:00:00,FPT,97.19,98.28,96.4,96.5,8080800,96.5,104.41,96.5,100.455,2.278,2.556000000000003,1.2780000000000016,101.733,99.17699999999999,S,HOLD
2025-09-29 07:00:00,FPT,96.79,96.79,94.52,94.52,10430900,94.52,104.41,94.52,99.465,2.058000000000001,2.278,1.139,100.604,98.32600000000001,S,HOLD
2025-09-30 07:00:00,FPT,94.52,94.81,91.84,92.04,12018800,92.04,104.41,92.04,98.225,2.1580000000000013,2.058000000000001,1.0290000000000006,99.25399999999999,97.196,S,HOLD
2025-10-01 07:00:00,FPT,92.24,93.53,90.46,92.44,7405100,92.44,104.41,92.04,98.225,2.356000000000003,2.1580000000000013,1.0790000000000006,99.304,97.14599999999999,S,HOLD
2025-10-02 07:00:00,FPT,91.94,92.44,91.05,91.15,7933800,91.15,104.41,91.15,97.78,2.3160000000000025,2.356000000000003,1.1780000000000015,98.958,96.602,S,HOLD
2025-10-03 07:00:00,FPT,91.25,93.03,91.15,92.44,7681300,92.44,104.41,91.15,97.78,2.3160000000000025,2.3160000000000025,1.1580000000000013,98.938,96.622,S,HOLD
2025-10-06 07:00:00,FPT,93.33,94.91,92.54,94.52,6580000,94.52,104.41,91.15,97.78,2.3560000000000003,2.3160000000000025,1.1580000000000013,98.938,96.622,S,HOLD
2025-10-07 07:00:00,FPT,95.01,95.31,94.22,94.52,5997500,94.52,104.41,91.15,97.78,1.980000000000001,2.3560000000000003,1.1780000000000002,98.958,96.602,S,HOLD
2025-10-08 07:00:00,FPT,94.52,95.9,93.53,93.53,5132100,93.53,104.41,91.15,97.78,1.8400000000000005,1.980000000000001,0.9900000000000005,98.77,96.79,S,HOLD
2025-10-09 07:00:00,FPT,94.02,94.02,92.54,93.23,5716300,93.23,104.41,91.15,97.78,1.8579999999999983,1.8400000000000005,0.9200000000000003,98.7,96.86,S,HOLD
2025-10-10 07:00:00,FPT,93.23,95.51,92.83,95.11,8587700,95.11,104.41,91.15,97.78,2.0180000000000007,1.8579999999999983,0.9289999999999992,98.709,96.851,S,HOLD
2025-10-13 07:00:00,FPT,93.92,93.92,92.74,93.03,7915000,93.03,104.41,91.15,97.78,1.9980000000000018,2.0180000000000007,1.0090000000000003,98.789,96.771,S,HOLD
2025-10-14 07:00:00,FPT,93.13,93.53,91.45,91.45,12659600,91.45,104.41,91.15,97.78,2.1960000000000006,1.9980000000000018,0.9990000000000009,98.779,96.781,S,HOLD
2025-10-15 07:00:00,FPT,91.65,92.14,88.58,88.68,18738600,88.68,101.94,88.68,95.31,2.434,2.1960000000000006,1.0980000000000003,96.408,94.212,S,HOLD
2025-10-16 07:00:00,FPT,88.88,90.56,88.68,88.88,7928500,88.88,101.94,88.68,95.31,2.5140000000000016,2.434,1.217,96.527,94.093,S,HOLD
2025-10-17 07:00:00,FPT,89.17,90.56,87.19,87.19,8374400,87.19,98.67,87.19,92.93,2.652000000000001,2.5140000000000016,1.2570000000000008,94.18700000000001,91.673,S,HOLD
2025-10-20 07:00:00,FPT,87.39,90.86,86.1,86.1,14580300,86.1,98.48,86.1,92.28999999999999,3.1300000000000012,2.652000000000001,1.3260000000000005,93.61599999999999,90.964,S,HOLD
2025-10-21 07:00:00,FPT,88.08,92.04,87.59,92.04,19520200,92.04,98.48,86.1,92.28999999999999,3.9020000000000037,3.1300000000000012,1.5650000000000006,93.85499999999999,90.725,S,HOLD
2025-10-22 07:00:00,FPT,94.22,97.98,94.02,96.0,18311100,96.0,96.99,86.1,91.54499999999999,4.378000000000003,3.9020000000000037,1.9510000000000018,93.496,89.59399999999998,B,BUY
2025-10-23 07:00:00,FPT,96.2,96.3,93.03,94.02,6647600,94.02,96.5,86.1,91.3,4.656000000000003,4.378000000000003,2.1890000000000014,93.489,89.11099999999999,B,HOLD
2025-10-24 07:00:00,FPT,94.02,96.69,93.72,96.69,13759100,96.69,96.69,86.1,91.395,4.576000000000002,4.656000000000003,2.3280000000000016,93.723,89.067,B,HOLD
2025-10-27 07:00:00,FPT,97.98,98.67,95.31,96.99,12897800,96.99,96.99,86.1,91.54499999999999,4.296000000000001,4.576000000000002,2.288000000000001,93.83299999999998,89.25699999999999,B,HOLD
2025-10-28 07:00:00,FPT,97.58,101.15,97.58,101.15,20912700,101.15,101.15,86.1,93.625,3.9400000000000004,4.296000000000001,2.1480000000000006,95.773,91.477,B,HOLD
2025-10-29 07:00:00,FPT,101.34,102.14,100.06,100.65,9302800,100.65,101.15,86.1,93.625,3.1680000000000006,3.9400000000000004,1.9700000000000002,95.595,91.655,B,HOLD
2025-10-30 07:00:00,FPT,101.05,102.43,100.55,101.64,9730600,101.64,101.64,86.1,93.87,2.8900000000000032,3.1680000000000006,1.5840000000000003,95.45400000000001,92.286,B,HOLD
2025-10-31 07:00:00,FPT,101.54,102.83,99.96,102.83,14827100,102.83,102.83,86.1,94.465,2.8700000000000045,2.8900000000000032,1.4450000000000016,95.91000000000001,93.02,B,HOLD
2025-11-03 07:00:00,FPT,102.73,105.2,102.43,103.92,20963600,103.92,103.92,86.1,95.00999999999999,2.7520000000000038,2.8700000000000045,1.4350000000000023,96.445,93.57499999999999,B,HOLD
2025-11-04 07:00:00,FPT,103.03,103.62,100.65,102.24,10620700,102.24,103.92,86.1,95.00999999999999,2.5740000000000007,2.7520000000000038,1.3760000000000019,96.386,93.63399999999999,B,HOLD
2025-11-05 07:00:00,FPT,100.75,100.95,98.57,99.86,11741500,99.86,103.92,86.1,95.00999999999999,2.8920000000000017,2.5740000000000007,1.2870000000000004,96.297,93.72299999999998,B,HOLD
2025-11-06 07:00:00,FPT,99.86,100.95,98.38,99.17,6751800,99.17,103.92,86.1,95.00999999999999,3.030000000000001,2.8920000000000017,1.4460000000000008,96.45599999999999,93.564,B,HOLD
2025-11-07 07:00:00,FPT,98.48,100.75,98.48,99.96,5863600,99.96,103.92,86.1,95.00999999999999,2.9099999999999993,3.030000000000001,1.5150000000000006,96.52499999999999,93.49499999999999,B,HOLD
2025-11-10 07:00:00,FPT,100.16,100.16,95.21,95.21,10072600,95.21,103.92,86.1,95.00999999999999,3.346000000000001,2.9099999999999993,1.4549999999999996,96.46499999999999,93.55499999999999,B,HOLD
2025-11-11 07:00:00,FPT,95.8,96.89,95.11,95.11,6624200,95.11,103.92,86.1,95.00999999999999,3.048000000000002,3.346000000000001,1.6730000000000005,96.68299999999999,93.33699999999999,B,HOLD
2025-11-12 07:00:00,FPT,95.51,99.56,95.51,99.56,6635300,99.56,103.92,86.1,95.00999999999999,3.204000000000002,3.048000000000002,1.524000000000001,96.53399999999999,93.48599999999999,B,HOLD
2025-11-13 07:00:00,FPT,99.56,99.66,97.68,97.88,4757400,97.88,103.92,86.1,95.00999999999999,3.0859999999999985,3.204000000000002,1.602000000000001,96.612,93.40799999999999,B,HOLD
2025-11-14 07:00:00,FPT,97.88,99.86,97.19,98.97,4699900,98.97,103.92,86.1,95.00999999999999,3.1659999999999995,3.0859999999999985,1.5429999999999993,96.553,93.46699999999998,B,HOLD
2025-11-17 07:00:00,FPT,99.56,100.75,99.56,99.96,5585100,99.96,103.92,92.04,97.98,2.531999999999999,3.1659999999999995,1.5829999999999997,99.563,96.397,B,HOLD
2025-11-18 07:00:00,FPT,99.96,100.06,97.78,98.97,6500100,98.97,103.92,94.02,98.97,2.6319999999999992,2.531999999999999,1.2659999999999996,100.236,97.704,B,HOLD
2025-11-19 07:00:00,FPT,98.48,98.48,96.99,96.99,5169300,96.99,103.92,94.02,98.97,2.1379999999999995,2.6319999999999992,1.3159999999999996,100.286,97.654,S,SELL
2025-11-20 07:00:00,FPT,97.58,98.67,97.09,97.98,4593100,97.98,103.92,95.11,99.515,2.078000000000003,2.1379999999999995,1.0689999999999997,100.584,98.446,S,HOLD
2025-11-21 07:00:00,FPT,96.99,100.16,96.79,99.76,7936900,99.76,103.92,95.11,99.515,2.218000000000001,2.078000000000003,1.0390000000000015,100.554,98.476,S,HOLD
2025-11-24 07:00:00,FPT,99.66,100.06,98.57,99.17,5061800,99.17,103.92,95.11,99.515,2.1600000000000024,2.218000000000001,1.1090000000000004,100.624,98.406,S,HOLD
2025-11-25 07:00:00,FPT,98.67,99.27,97.98,98.67,4494900,98.67,103.92,95.11,99.515,1.9620000000000004,2.1600000000000024,1.0800000000000012,100.595,98.435,S,HOLD
2025-11-26 07:00:00,FPT,98.77,99.17,97.88,97.98,5830900,97.98,103.92,95.11,99.515,1.824000000000001,1.9620000000000004,0.9810000000000002,100.496,98.534,S,HOLD
2025-11-27 07:00:00,FPT,98.18,98.77,97.09,98.48,4780500,98.48,103.92,95.11,99.515,1.823999999999998,1.824000000000001,0.9120000000000005,100.427,98.603,S,HOLD
2025-11-28 07:00:00,FPT,98.08,98.38,96.1,96.1,6210400,96.1,103.92,95.11,99.515,1.6260000000000019,1.823999999999998,0.911999999999999,100.42699999999999,98.60300000000001,S,HOLD
2025-12-01 07:00:00,FPT,96.9,97.7,96.1,96.6,3125100,96.6,102.24,95.11,98.675,1.648000000000002,1.6260000000000019,0.8130000000000009,99.488,97.862,S,HOLD
2025-12-02 07:00:00,FPT,96.8,97.3,95.4,96.6,5560800,96.6,99.96,95.11,97.535,1.7700000000000018,1.648000000000002,0.824000000000001,98.359,96.711,S,HOLD
2025-12-03 07:00:00,FPT,97.0,97.0,96.0,96.6,6475300,96.6,99.96,95.11,97.535,1.7120000000000004,1.7700000000000018,0.8850000000000009,98.42,96.64999999999999,S,HOLD
2025-12-04 07:00:00,FPT,96.6,98.5,96.6,97.5,7387500,97.5,99.96,95.11,97.535,1.7560000000000031,1.7120000000000004,0.8560000000000002,98.39099999999999,96.679,S,HOLD
2025-12-05 07:00:00,FPT,97.5,97.5,96.1,96.2,5062500,96.2,99.96,95.11,97.535,1.5600000000000023,1.7560000000000031,0.8780000000000016,98.413,96.657,S,HOLD
2025-12-08 07:00:00,FPT,96.6,97.3,95.5,95.5,5278600,95.5,99.96,95.11,97.535,1.6,1.5600000000000023,0.7800000000000011,98.315,96.755,S,HOLD
2025-12-09 07:00:00,FPT,95.5,97.0,94.4,96.9,9961500,96.9,99.96,95.5,97.72999999999999,1.7400000000000007,1.6,0.8,98.52999999999999,96.92999999999999,S,HOLD
2025-12-10 07:00:00,FPT,97.1,97.1,95.6,95.6,3894100,95.6,99.96,95.5,97.72999999999999,1.8400000000000005,1.7400000000000007,0.8700000000000003,98.6,96.85999999999999,S,HOLD
2025-12-11 07:00:00,FPT,95.9,96.6,95.6,96.0,5201600,96.0,99.96,95.5,97.72999999999999,1.6599999999999995,1.8400000000000005,0.9200000000000003,98.64999999999999,96.80999999999999,S,HOLD
2025-12-12 07:00:00,FPT,96.0,96.0,93.5,93.7,5519800,93.7,99.96,93.7,96.83,1.8799999999999983,1.6599999999999995,0.8299999999999997,97.66,96.0,S,HOLD
2025-12-15 07:00:00,FPT,93.9,94.4,93.5,93.8,3524800,93.8,99.76,93.7,96.73,1.7,1.8799999999999983,0.9399999999999992,97.67,95.79,S,HOLD
2025-12-16 07:00:00,FPT,93.9,95.4,92.0,94.9,6295300,94.9,99.76,93.7,96.73,1.8600000000000023,1.7,0.85,97.58,95.88000000000001,S,HOLD
2025-12-17 07:00:00,FPT,94.4,96.3,94.4,95.9,4967800,95.9,99.76,93.7,96.73,1.9400000000000006,1.8600000000000023,0.9300000000000012,97.66000000000001,95.8,S,HOLD
2025-12-18 07:00:00,FPT,95.5,95.6,93.9,94.4,4115500,94.4,99.76,93.7,96.73,2.1400000000000006,1.9400000000000006,0.9700000000000003,97.7,95.76,S,HOLD
2025-12-19 07:00:00,FPT,94.0,95.0,93.6,93.9,4492600,93.9,99.17,93.7,96.435,1.9200000000000017,2.1400000000000006,1.0700000000000003,97.505,95.36500000000001,S,HOLD
2025-12-22 07:00:00,FPT,94.1,94.3,93.5,93.7,6142400,93.7,98.67,93.7,96.185,1.9,1.9200000000000017,0.9600000000000009,97.14500000000001,95.225,S,HOLD
2025-12-23 07:00:00,FPT,94.0,95.9,93.6,94.0,6006900,94.0,98.48,93.7,96.09,1.680000000000001,1.9,0.95,97.04,95.14,S,HOLD
2025-12-24 07:00:00,FPT,94.1,94.2,93.1,93.6,3901500,93.6,98.48,93.6,96.03999999999999,1.5200000000000045,1.680000000000001,0.8400000000000005,96.88,95.19999999999999,S,HOLD
2025-12-25 07:00:00,FPT,93.6,94.8,93.0,93.0,4565200,93.0,97.5,93.0,95.25,1.480000000000004,1.5200000000000045,0.7600000000000022,96.01,94.49,S,HOLD
2025-12-26 07:00:00,FPT,92.7,93.0,91.0,92.5,6612400,92.5,97.5,92.5,95.0,1.6000000000000028,1.480000000000004,0.740000000000002,95.74000000000001,94.25999999999999,S,HOLD
2025-12-29 07:00:00,FPT,92.5,94.9,92.5,94.3,6300900,94.3,97.5,92.5,95.0,1.9200000000000046,1.6000000000000028,0.8000000000000014,95.8,94.2,S,HOLD
2025-12-30 07:00:00,FPT,94.5,96.6,94.3,96.5,7271200,96.5,97.5,92.5,95.0,1.9200000000000017,1.9200000000000046,0.9600000000000023,95.96000000000001,94.03999999999999,B,BUY
2025-12-31 07:00:00,FPT,96.8,97.0,95.2,95.8,3082600,95.8,97.5,92.5,95.0,2.0599999999999996,1.9200000000000017,0.9600000000000009,95.96000000000001,94.03999999999999,B,HOLD
